vehicle_id,blueprint,category,color_name,color_family,color_r,color_g,color_b,base_r,base_g,base_b,depart_time,route_id,is_fleet,fleet_id
base_0000,vehicle.dodge.charger_police,special,white,,245,255,255,255,255,255,0.0,route_north,False,
base_0001,vehicle.jeep.wrangler_rubicon,suv,silver,,190,210,184,192,192,192,1.75,route_highway_rev,False,
base_0002,vehicle.tesla.model3,sedan,yellow,,255,196,1,255,200,0,3.5,route_south,False,
base_0003,vehicle.audi.tt,coupe,white,,237,255,243,255,255,255,5.25,route_highway_rev,False,
base_0004,vehicle.seat.leon,hatchback,silver,,202,197,186,192,192,192,7.0,route_west_entry,False,
base_0005,vehicle.audi.tt,coupe,silver,,196,199,181,192,192,192,8.75,route_east,False,
base_0006,vehicle.audi.etron,suv,white,,255,255,255,255,255,255,10.5,route_north,False,
base_0007,vehicle.audi.a2,sedan,black,,0,18,20,15,15,15,12.25,route_north,False,
base_0008,vehicle.lincoln.mkz_2017,sedan,burgundy,,141,20,49,128,0,32,14.0,route_highway_rev,False,
base_0009,vehicle.nissan.patrol,suv,blue,,15,62,222,30,60,220,15.75,route_north,False,
base_0010,vehicle.audi.etron,suv,gray,,127,132,115,128,128,128,17.5,route_ew_full,False,
base_0011,vehicle.audi.tt,coupe,white,,239,255,241,255,255,255,19.25,route_east,False,
base_0012,vehicle.audi.tt,coupe,gray,,111,148,133,128,128,128,21.0,route_east,False,
base_0013,vehicle.volkswagen.t2,van,dark_gray,,36,40,47,50,50,50,22.75,route_east,False,
base_0014,vehicle.chevrolet.impala,sedan,white,,252,236,237,255,255,255,24.5,route_east,False,
base_0015,vehicle.jeep.wrangler_rubicon,suv,dark_red,,120,7,0,139,0,0,26.25,route_east,False,
base_0016,vehicle.dodge.charger_2020,sedan,black,,31,0,23,15,15,15,28.0,route_ew_full,False,
base_0017,vehicle.jeep.wrangler_rubicon,suv,cool_white,,245,234,245,240,248,255,29.75,route_north,False,
base_0018,vehicle.tesla.model3,sedan,cool_white,,255,237,238,240,248,255,31.5,route_ew_full,False,
base_0019,vehicle.volkswagen.t2,van,dark_gray,,59,38,59,50,50,50,33.25,route_west_entry,False,
base_0020,vehicle.audi.etron,suv,warm_white,,244,255,243,255,250,240,35.0,route_north,False,
base_0021,vehicle.audi.etron,suv,white,,255,250,242,255,255,255,36.75,route_ew_full,False,
base_0022,vehicle.lincoln.mkz_2017,sedan,red,,217,24,27,220,30,30,38.5,route_south,False,
base_0023,vehicle.volkswagen.t2_2021,van,gray,,116,124,125,128,128,128,40.25,route_north,False,
base_0024,vehicle.chevrolet.impala,sedan,blue,,24,65,238,30,60,220,42.0,route_north,False,
base_0025,vehicle.jeep.wrangler_rubicon,suv,black,,16,20,0,15,15,15,43.75,route_west_entry,False,
base_0026,vehicle.dodge.charger_2020,sedan,beige,,246,251,214,245,245,220,45.5,route_north,False,
base_0027,vehicle.nissan.patrol_2021,suv,warm_white,,243,243,248,255,250,240,47.25,route_highway_rev,False,
base_0028,vehicle.dodge.charger_police,special,silver,,182,203,172,192,192,192,49.0,route_east,False,
base_0029,vehicle.chevrolet.impala,sedan,brown,,150,75,23,139,90,43,50.75,route_ew_full,False,
base_0030,vehicle.mini.cooper_s,hatchback,burgundy,,138,0,16,128,0,32,52.5,route_ew_full,False,
base_0031,vehicle.nissan.patrol,suv,black,,0,3,0,15,15,15,54.25,route_ew_full,False,
base_0032,vehicle.dodge.charger_2020,sedan,silver,,205,206,180,192,192,192,56.0,route_west_entry,False,
base_0033,vehicle.dodge.charger_2020,sedan,yellow,,235,200,0,255,200,0,57.75,route_ew_full,False,
base_0034,vehicle.audi.etron,suv,blue,,43,64,224,30,60,220,59.5,route_highway_rev,False,
base_0035,vehicle.mini.cooper_s,hatchback,silver,,205,183,204,192,192,192,61.25,route_south,False,
base_0036,vehicle.jeep.wrangler_rubicon,suv,silver,,205,202,195,192,192,192,63.0,route_west_entry,False,
base_0037,vehicle.nissan.micra,hatchback,gray,,110,140,145,128,128,128,64.75,route_north,False,
base_0038,vehicle.nissan.micra,hatchback,silver,,199,181,178,192,192,192,66.5,route_east,False,
base_0039,vehicle.audi.tt,coupe,dark_gray,,37,65,37,50,50,50,68.25,route_ew_full,False,
base_0040,vehicle.nissan.patrol_2021,suv,warm_white,,235,255,250,255,250,240,70.0,route_east,False,
base_0041,vehicle.volkswagen.t2_2021,van,blue,,22,64,218,30,60,220,71.75,route_north,False,
base_0042,vehicle.ford.ambulance,special,warm_white,,255,240,236,255,250,240,73.5,route_west_entry,False,
base_0043,vehicle.bmw.grandtourer,sedan,blue,,48,55,206,30,60,220,75.25,route_highway_rev,False,
base_0044,vehicle.nissan.micra,hatchback,cool_white,,230,236,241,240,248,255,77.0,route_north,False,
base_0045,vehicle.jeep.wrangler_rubicon,suv,white,,255,255,239,255,255,255,78.75,route_east,False,
base_0046,vehicle.jeep.wrangler_rubicon,suv,black,,21,3,12,15,15,15,80.5,route_highway_rev,False,
base_0047,vehicle.jeep.wrangler_rubicon,suv,white,,254,246,255,255,255,255,82.25,route_north,False,
base_0048,vehicle.volkswagen.t2,van,black,,31,32,0,15,15,15,84.0,route_ew_full,False,
base_0049,vehicle.mercedes.coupe,coupe,red,,237,39,44,220,30,30,85.75,route_west_entry,False,
base_0050,vehicle.volkswagen.t2,van,blue,,37,43,234,30,60,220,87.5,route_west_entry,False,
base_0051,vehicle.audi.tt,coupe,white,,242,255,252,255,255,255,89.25,route_east,False,
base_0052,vehicle.citroen.c3,hatchback,gray,,136,145,136,128,128,128,91.0,route_south,False,
base_0053,vehicle.nissan.patrol,suv,cool_white,,255,245,255,240,248,255,92.75,route_ew_full,False,
base_0054,vehicle.mercedes.coupe_2020,coupe,white,,239,255,255,255,255,255,94.5,route_east,False,
base_0055,vehicle.bmw.grandtourer,sedan,dark_gray,,44,62,55,50,50,50,96.25,route_highway_rev,False,
base_0056,vehicle.chevrolet.impala,sedan,white,,251,235,250,255,255,255,98.0,route_west_entry,False,
base_0057,vehicle.lincoln.mkz_2020,sedan,warm_white,,255,235,239,255,250,240,99.75,route_west_entry,False,
base_0058,vehicle.dodge.charger_2020,sedan,white,,237,255,244,255,255,255,101.5,route_east,False,
base_0059,vehicle.nissan.patrol_2021,suv,white,,238,252,252,255,255,255,103.25,route_east,False,
base_0060,vehicle.mini.cooper_s,hatchback,burgundy,,139,0,31,128,0,32,105.0,route_south,False,
base_0061,vehicle.audi.a2,sedan,dark_gray,,47,46,46,50,50,50,106.75,route_east,False,
base_0062,vehicle.mini.cooper_s,hatchback,yellow,,236,196,14,255,200,0,108.5,route_highway_rev,False,
base_0063,vehicle.audi.etron,suv,black,,4,33,16,15,15,15,110.25,route_south,False,
base_0064,vehicle.jeep.wrangler_rubicon,suv,gray,,126,142,128,128,128,128,112.0,route_west_entry,False,
base_0065,vehicle.jeep.wrangler_rubicon,suv,black,,19,0,0,15,15,15,113.75,route_ew_full,False,
base_0066,vehicle.audi.tt,coupe,silver,,204,183,186,192,192,192,115.5,route_south,False,
base_0067,vehicle.bmw.grandtourer,sedan,dark_gray,,34,38,34,50,50,50,117.25,route_ew_full,False,
base_0068,vehicle.mini.cooper_s_2021,hatchback,burgundy,,141,19,45,128,0,32,119.0,route_south,False,
base_0069,vehicle.toyota.prius,sedan,dark_gray,,40,51,41,50,50,50,120.75,route_south,False,
base_0070,vehicle.nissan.patrol,suv,black,,14,17,34,15,15,15,122.5,route_south,False,
base_0071,vehicle.bmw.grandtourer,sedan,silver,,172,183,183,192,192,192,124.25,route_highway_rev,False,
base_0072,vehicle.bmw.grandtourer,sedan,black,,31,0,0,15,15,15,126.0,route_east,False,
base_0073,vehicle.ford.ambulance,special,blue,,21,61,201,30,60,220,127.75,route_south,False,
base_0074,vehicle.chevrolet.impala,sedan,cool_white,,255,255,246,240,248,255,129.5,route_ew_full,False,
base_0075,vehicle.mercedes.coupe,coupe,warm_white,,248,247,226,255,250,240,131.25,route_south,False,
base_0076,vehicle.bmw.grandtourer,sedan,silver,,177,194,212,192,192,192,133.0,route_north,False,
base_0077,vehicle.jeep.wrangler_rubicon,suv,dark_gray,,51,51,45,50,50,50,134.75,route_east,False,
base_0078,vehicle.bmw.grandtourer,sedan,dark_gray,,58,49,37,50,50,50,136.5,route_east,False,
base_0079,vehicle.jeep.wrangler_rubicon,suv,blue,,47,61,214,30,60,220,138.25,route_north,False,
base_0080,vehicle.citroen.c3,hatchback,gray,,145,118,127,128,128,128,140.0,route_east,False,
base_0081,vehicle.nissan.micra,hatchback,gray,,138,114,134,128,128,128,141.75,route_south,False,
base_0082,vehicle.jeep.wrangler_rubicon,suv,gray,,148,146,123,128,128,128,143.5,route_ew_full,False,
base_0083,vehicle.chevrolet.impala,sedan,cool_white,,221,255,255,240,248,255,145.25,route_west_entry,False,
base_0084,vehicle.volkswagen.t2,van,warm_white,,255,255,241,255,250,240,147.0,route_highway_rev,False,
base_0085,vehicle.lincoln.mkz_2020,sedan,black,,15,4,3,15,15,15,148.75,route_highway_rev,False,
base_0086,vehicle.jeep.wrangler_rubicon,suv,white,,244,247,235,255,255,255,150.5,route_highway_rev,False,
base_0087,vehicle.seat.leon,hatchback,dark_gray,,47,50,49,50,50,50,152.25,route_east,False,
base_0088,vehicle.dodge.charger_2020,sedan,black,,6,34,0,15,15,15,154.0,route_west_entry,False,
base_0089,vehicle.audi.a2,sedan,dark_gray,,67,52,46,50,50,50,155.75,route_west_entry,False,
base_0090,vehicle.audi.a2,sedan,dark_blue,,20,20,121,0,0,139,157.5,route_east,False,
base_0091,vehicle.jeep.wrangler_rubicon,suv,cool_white,,246,255,255,240,248,255,159.25,route_ew_full,False,
base_0092,vehicle.mini.cooper_s_2021,hatchback,black,,23,35,29,15,15,15,161.0,route_highway_rev,False,
base_0093,vehicle.volkswagen.t2,van,warm_white,,255,255,255,255,250,240,162.75,route_ew_full,False,
base_0094,vehicle.tesla.model3,sedan,gray,,148,134,145,128,128,128,164.5,route_east,False,
base_0095,vehicle.volkswagen.t2_2021,van,white,,251,255,249,255,255,255,166.25,route_north,False,
base_0096,vehicle.tesla.model3,sedan,dark_gray,,39,48,30,50,50,50,168.0,route_ew_full,False,
base_0097,vehicle.nissan.patrol,suv,green,,26,119,43,34,139,34,169.75,route_north,False,
base_0098,vehicle.audi.tt,coupe,gray,,114,113,123,128,128,128,171.5,route_south,False,
base_0099,vehicle.audi.etron,suv,green,,36,127,43,34,139,34,173.25,route_west_entry,False,
base_0100,vehicle.audi.a2,sedan,silver,,201,188,177,192,192,192,175.0,route_north,False,
base_0101,vehicle.nissan.micra,hatchback,black,,23,0,17,15,15,15,176.75,route_north,False,
base_0102,vehicle.citroen.c3,hatchback,black,,29,15,13,15,15,15,178.5,route_north,False,
base_0103,vehicle.mercedes.coupe_2020,coupe,gray,,132,114,114,128,128,128,180.25,route_west_entry,False,
base_0104,vehicle.bmw.grandtourer,sedan,silver,,206,194,188,192,192,192,182.0,route_highway_rev,False,
base_0105,vehicle.mini.cooper_s,hatchback,black,,35,1,0,15,15,15,183.75,route_south,False,
base_0106,vehicle.mini.cooper_s_2021,hatchback,silver,,212,209,183,192,192,192,185.5,route_south,False,
base_0107,vehicle.mini.cooper_s,hatchback,warm_white,,255,241,220,255,250,240,187.25,route_south,False,
base_0108,vehicle.nissan.micra,hatchback,white,,242,255,251,255,255,255,189.0,route_ew_full,False,
base_0109,vehicle.citroen.c3,hatchback,red,,214,42,16,220,30,30,190.75,route_east,False,
base_0110,vehicle.volkswagen.t2_2021,van,dark_blue,,20,19,147,0,0,139,192.5,route_north,False,
base_0111,vehicle.audi.tt,coupe,sky_blue,,126,206,224,135,206,235,194.25,route_west_entry,False,
base_0112,vehicle.nissan.patrol,suv,gray,,139,147,122,128,128,128,196.0,route_north,False,
base_0113,vehicle.audi.tt,coupe,cool_white,,240,253,249,240,248,255,197.75,route_south,False,
base_0114,vehicle.chevrolet.impala,sedan,gray,,145,135,130,128,128,128,199.5,route_ew_full,False,
base_0115,vehicle.seat.leon,hatchback,silver,,206,187,186,192,192,192,201.25,route_east,False,
base_0116,vehicle.nissan.patrol_2021,suv,black,,24,29,21,15,15,15,203.0,route_south,False,
base_0117,vehicle.volkswagen.t2_2021,van,brown,,146,88,30,139,90,43,204.75,route_north,False,
base_0118,vehicle.mini.cooper_s,hatchback,dark_red,,153,12,17,139,0,0,206.5,route_east,False,
base_0119,vehicle.nissan.patrol_2021,suv,red,,215,43,44,220,30,30,208.25,route_east,False,
base_0120,vehicle.dodge.charger_2020,sedan,white,,255,236,255,255,255,255,210.0,route_east,False,
base_0121,vehicle.dodge.charger_police,special,white,,240,255,237,255,255,255,211.75,route_west_entry,False,
base_0122,vehicle.mini.cooper_s_2021,hatchback,white,,255,236,247,255,255,255,213.5,route_south,False,
base_0123,vehicle.mercedes.coupe,coupe,black,,25,29,27,15,15,15,215.25,route_ew_full,False,
base_0124,vehicle.audi.etron,suv,white,,243,246,255,255,255,255,217.0,route_east,False,
base_0125,vehicle.lincoln.mkz_2020,sedan,dark_gray,,35,66,60,50,50,50,218.75,route_west_entry,False,
base_0126,vehicle.jeep.wrangler_rubicon,suv,warm_white,,252,255,231,255,250,240,220.5,route_north,False,
base_0127,vehicle.nissan.micra,hatchback,warm_white,,255,255,223,255,250,240,222.25,route_highway_rev,False,
base_0128,vehicle.lincoln.mkz_2017,sedan,dark_blue,,17,13,138,0,0,139,224.0,route_east,False,
base_0129,vehicle.mercedes.coupe,coupe,red,,203,21,27,220,30,30,225.75,route_highway_rev,False,
base_0130,vehicle.mercedes.coupe,coupe,black,,32,0,22,15,15,15,227.5,route_east,False,
base_0131,vehicle.audi.a2,sedan,warm_white,,239,235,232,255,250,240,229.25,route_north,False,
base_0132,vehicle.mini.cooper_s,hatchback,warm_white,,255,236,228,255,250,240,231.0,route_east,False,
base_0133,vehicle.dodge.charger_2020,sedan,yellow,,242,204,14,255,200,0,232.75,route_ew_full,False,
base_0134,vehicle.nissan.patrol,suv,burgundy,,127,10,30,128,0,32,234.5,route_south,False,
base_0135,vehicle.mini.cooper_s,hatchback,red,,233,49,50,220,30,30,236.25,route_south,False,
base_0136,vehicle.toyota.prius,sedan,gray,,121,131,118,128,128,128,238.0,route_north,False,
base_0137,vehicle.nissan.micra,hatchback,black,,23,25,12,15,15,15,239.75,route_ew_full,False,
base_0138,vehicle.audi.etron,suv,burgundy,,127,1,37,128,0,32,241.5,route_east,False,
base_0139,vehicle.mini.cooper_s,hatchback,green,,35,144,26,34,139,34,243.25,route_south,False,
base_0140,vehicle.dodge.charger_2020,sedan,gray,,123,142,136,128,128,128,245.0,route_east,False,
base_0141,vehicle.bmw.grandtourer,sedan,beige,,249,230,228,245,245,220,246.75,route_north,False,
base_0142,vehicle.lincoln.mkz_2020,sedan,black,,20,17,11,15,15,15,248.5,route_east,False,
base_0143,vehicle.audi.tt,coupe,black,,19,0,24,15,15,15,250.25,route_north,False,
base_0144,vehicle.dodge.charger_2020,sedan,dark_gray,,53,43,42,50,50,50,252.0,route_north,False,
base_0145,vehicle.nissan.micra,hatchback,dark_gray,,30,59,48,50,50,50,253.75,route_north,False,
base_0146,vehicle.audi.a2,sedan,gray,,112,109,117,128,128,128,255.5,route_highway_rev,False,
base_0147,vehicle.mini.cooper_s_2021,hatchback,dark_gray,,58,64,55,50,50,50,257.25,route_east,False,
base_0148,vehicle.nissan.patrol,suv,gray,,140,130,139,128,128,128,259.0,route_north,False,
base_0149,vehicle.audi.tt,coupe,silver,,178,192,212,192,192,192,260.75,route_north,False,
base_0150,vehicle.mercedes.coupe,coupe,black,,0,0,24,15,15,15,262.5,route_ew_full,False,
base_0151,vehicle.seat.leon,hatchback,cool_white,,243,255,243,240,248,255,264.25,route_highway_rev,False,
base_0152,vehicle.jeep.wrangler_rubicon,suv,dark_red,,123,0,15,139,0,0,266.0,route_east,False,
base_0153,vehicle.chevrolet.impala,sedan,black,,25,4,33,15,15,15,267.75,route_highway_rev,False,
base_0154,vehicle.audi.etron,suv,brown,,145,108,39,139,90,43,269.5,route_west_entry,False,
base_0155,vehicle.seat.leon,hatchback,black,,32,26,11,15,15,15,271.25,route_ew_full,False,
base_0156,vehicle.carlamotors.carlacola,special,gray,,132,116,121,128,128,128,273.0,route_ew_full,False,
base_0157,vehicle.volkswagen.t2,van,cool_white,,253,255,255,240,248,255,274.75,route_north,False,
base_0158,vehicle.citroen.c3,hatchback,gray,,134,117,140,128,128,128,276.5,route_north,False,
base_0159,vehicle.tesla.model3,sedan,white,,255,243,255,255,255,255,278.25,route_highway_rev,False,
base_0160,vehicle.dodge.charger_police,special,warm_white,,255,236,249,255,250,240,280.0,route_south,False,
base_0161,vehicle.nissan.patrol,suv,white,,255,238,255,255,255,255,281.75,route_ew_full,False,
base_0162,vehicle.dodge.charger_2020,sedan,dark_red,,140,0,0,139,0,0,283.5,route_east,False,
base_0163,vehicle.dodge.charger_police,special,silver,,188,188,209,192,192,192,285.25,route_east,False,
base_0164,vehicle.jeep.wrangler_rubicon,suv,black,,8,24,17,15,15,15,287.0,route_north,False,
base_0165,vehicle.audi.a2,sedan,sky_blue,,132,206,233,135,206,235,288.75,route_north,False,
base_0166,vehicle.bmw.grandtourer,sedan,black,,26,27,0,15,15,15,290.5,route_south,False,
base_0167,vehicle.volkswagen.t2,van,dark_gray,,70,39,42,50,50,50,292.25,route_north,False,
base_0168,vehicle.volkswagen.t2_2021,van,red,,205,50,24,220,30,30,294.0,route_west_entry,False,
base_0169,vehicle.bmw.grandtourer,sedan,warm_white,,255,255,254,255,250,240,295.75,route_highway_rev,False,
base_0170,vehicle.volkswagen.t2_2021,van,silver,,207,177,193,192,192,192,297.5,route_highway_rev,False,
base_0171,vehicle.chevrolet.impala,sedan,dark_gray,,49,70,49,50,50,50,299.25,route_highway_rev,False,
base_0172,vehicle.lincoln.mkz_2017,sedan,green,,34,122,26,34,139,34,301.0,route_highway_rev,False,
base_0173,vehicle.toyota.prius,sedan,warm_white,,236,249,221,255,250,240,302.75,route_south,False,
base_0174,vehicle.nissan.patrol_2021,suv,gray,,146,136,144,128,128,128,304.5,route_ew_full,False,
base_0175,vehicle.nissan.patrol_2021,suv,dark_gray,,40,53,52,50,50,50,306.25,route_north,False,
base_0176,vehicle.bmw.grandtourer,sedan,black,,6,0,0,15,15,15,308.0,route_north,False,
base_0177,vehicle.audi.etron,suv,black,,9,26,9,15,15,15,309.75,route_north,False,
base_0178,vehicle.audi.etron,suv,dark_gray,,61,41,44,50,50,50,311.5,route_west_entry,False,
base_0179,vehicle.bmw.grandtourer,sedan,blue,,42,72,208,30,60,220,313.25,route_west_entry,False,
base_0180,vehicle.dodge.charger_police,special,gray,,113,134,118,128,128,128,315.0,route_highway_rev,False,
base_0181,vehicle.audi.tt,coupe,red,,206,39,31,220,30,30,316.75,route_south,False,
base_0182,vehicle.audi.a2,sedan,dark_red,,124,19,13,139,0,0,318.5,route_south,False,
base_0183,vehicle.volkswagen.t2_2021,van,silver,,190,172,173,192,192,192,320.25,route_ew_full,False,
base_0184,vehicle.bmw.grandtourer,sedan,black,,20,1,23,15,15,15,322.0,route_west_entry,False,
base_0185,vehicle.jeep.wrangler_rubicon,suv,black,,2,2,12,15,15,15,323.75,route_highway_rev,False,
base_0186,vehicle.jeep.wrangler_rubicon,suv,white,,245,246,248,255,255,255,325.5,route_east,False,
base_0187,vehicle.volkswagen.t2_2021,van,yellow,,243,182,0,255,200,0,327.25,route_ew_full,False,
base_0188,vehicle.audi.etron,suv,dark_blue,,2,0,149,0,0,139,329.0,route_highway_rev,False,
base_0189,vehicle.dodge.charger_2020,sedan,burgundy,,118,0,33,128,0,32,330.75,route_north,False,
base_0190,vehicle.audi.etron,suv,gray,,148,133,134,128,128,128,332.5,route_highway_rev,False,
base_0191,vehicle.audi.etron,suv,gray,,131,112,146,128,128,128,334.25,route_east,False,
base_0192,vehicle.lincoln.mkz_2020,sedan,white,,237,241,255,255,255,255,336.0,route_ew_full,False,
base_0193,vehicle.jeep.wrangler_rubicon,suv,blue,,11,72,227,30,60,220,337.75,route_south,False,
base_0194,vehicle.mini.cooper_s_2021,hatchback,silver,,195,189,181,192,192,192,339.5,route_east,False,
base_0195,vehicle.bmw.grandtourer,sedan,black,,4,17,3,15,15,15,341.25,route_west_entry,False,
base_0196,vehicle.dodge.charger_police,special,dark_blue,,0,0,143,0,0,139,343.0,route_west_entry,False,
base_0197,vehicle.dodge.charger_police,special,warm_white,,252,233,230,255,250,240,344.75,route_east,False,
base_0198,vehicle.chevrolet.impala,sedan,dark_blue,,5,19,120,0,0,139,346.5,route_east,False,
base_0199,vehicle.toyota.prius,sedan,cool_white,,228,255,252,240,248,255,348.25,route_north,False,
base_0200,vehicle.volkswagen.t2,van,dark_gray,,35,53,63,50,50,50,350.0,route_highway_rev,False,
base_0201,vehicle.nissan.patrol,suv,yellow,,237,204,0,255,200,0,351.75,route_ew_full,False,
base_0202,vehicle.audi.tt,coupe,white,,255,248,255,255,255,255,353.5,route_north,False,
base_0203,vehicle.nissan.patrol_2021,suv,cool_white,,255,239,255,240,248,255,355.25,route_west_entry,False,
base_0204,vehicle.audi.etron,suv,red,,200,34,12,220,30,30,357.0,route_north,False,
base_0205,vehicle.mini.cooper_s_2021,hatchback,white,,255,248,243,255,255,255,358.75,route_ew_full,False,
base_0206,vehicle.mini.cooper_s,hatchback,white,,255,255,247,255,255,255,360.5,route_south,False,
base_0207,vehicle.jeep.wrangler_rubicon,suv,red,,216,48,30,220,30,30,362.25,route_south,False,
base_0208,vehicle.bmw.grandtourer,sedan,silver,,179,190,210,192,192,192,364.0,route_north,False,
base_0209,vehicle.volkswagen.t2,van,white,,255,247,248,255,255,255,365.75,route_north,False,
base_0210,vehicle.bmw.grandtourer,sedan,blue,,31,77,230,30,60,220,367.5,route_west_entry,False,
base_0211,vehicle.jeep.wrangler_rubicon,suv,white,,255,255,238,255,255,255,369.25,route_highway_rev,False,
base_0212,vehicle.mini.cooper_s_2021,hatchback,black,,7,9,3,15,15,15,371.0,route_north,False,
base_0213,vehicle.audi.etron,suv,gray,,116,124,111,128,128,128,372.75,route_highway_rev,False,
base_0214,vehicle.volkswagen.t2_2021,van,warm_white,,243,254,220,255,250,240,374.5,route_ew_full,False,
base_0215,vehicle.mini.cooper_s_2021,hatchback,blue,,33,77,238,30,60,220,376.25,route_ew_full,False,
base_0216,vehicle.volkswagen.t2_2021,van,black,,0,0,12,15,15,15,378.0,route_highway_rev,False,
base_0217,vehicle.audi.tt,coupe,blue,,11,58,228,30,60,220,379.75,route_south,False,
base_0218,vehicle.citroen.c3,hatchback,gray,,128,128,119,128,128,128,381.5,route_highway_rev,False,
base_0219,vehicle.audi.etron,suv,silver,,192,204,193,192,192,192,383.25,route_south,False,
base_0220,vehicle.lincoln.mkz_2020,sedan,gray,,143,116,133,128,128,128,385.0,route_ew_full,False,
base_0221,vehicle.audi.a2,sedan,warm_white,,255,232,252,255,250,240,386.75,route_west_entry,False,
base_0222,vehicle.mini.cooper_s_2021,hatchback,warm_white,,247,241,241,255,250,240,388.5,route_east,False,
base_0223,vehicle.seat.leon,hatchback,silver,,205,205,182,192,192,192,390.25,route_south,False,
base_0224,vehicle.jeep.wrangler_rubicon,suv,gray,,119,113,128,128,128,128,392.0,route_highway_rev,False,
base_0225,vehicle.audi.tt,coupe,black,,35,11,31,15,15,15,393.75,route_south,False,
base_0226,vehicle.audi.a2,sedan,white,,255,247,255,255,255,255,395.5,route_highway_rev,False,
base_0227,vehicle.tesla.model3,sedan,brown,,132,88,33,139,90,43,397.25,route_ew_full,False,
base_0228,vehicle.toyota.prius,sedan,silver,,211,202,184,192,192,192,399.0,route_ew_full,False,
base_0229,vehicle.toyota.prius,sedan,red,,201,30,40,220,30,30,400.75,route_ew_full,False,
base_0230,vehicle.jeep.wrangler_rubicon,suv,black,,2,9,20,15,15,15,402.5,route_west_entry,False,
base_0231,vehicle.audi.tt,coupe,dark_gray,,36,64,69,50,50,50,404.25,route_ew_full,False,
base_0232,vehicle.jeep.wrangler_rubicon,suv,dark_gray,,70,59,37,50,50,50,406.0,route_north,False,
base_0233,vehicle.bmw.grandtourer,sedan,silver,,177,185,178,192,192,192,407.75,route_highway_rev,False,
base_0234,vehicle.audi.etron,suv,warm_white,,255,255,220,255,250,240,409.5,route_east,False,
base_0235,vehicle.volkswagen.t2,van,dark_gray,,58,49,48,50,50,50,411.25,route_highway_rev,False,
base_0236,vehicle.bmw.grandtourer,sedan,black,,28,28,1,15,15,15,413.0,route_east,False,
base_0237,vehicle.tesla.model3,sedan,gray,,138,117,136,128,128,128,414.75,route_north,False,
base_0238,vehicle.volkswagen.t2_2021,van,silver,,193,180,202,192,192,192,416.5,route_ew_full,False,
base_0239,vehicle.audi.etron,suv,dark_gray,,61,37,40,50,50,50,418.25,route_west_entry,False,
base_0240,vehicle.volkswagen.t2_2021,van,silver,,203,195,208,192,192,192,420.0,route_highway_rev,False,
base_0241,vehicle.mercedes.coupe,coupe,green,,24,124,20,34,139,34,421.75,route_highway_rev,False,
base_0242,vehicle.mini.cooper_s_2021,hatchback,silver,,177,210,185,192,192,192,423.5,route_south,False,
base_0243,vehicle.lincoln.mkz_2017,sedan,dark_gray,,60,45,63,50,50,50,425.25,route_highway_rev,False,
base_0244,vehicle.bmw.grandtourer,sedan,sky_blue,,147,190,222,135,206,235,427.0,route_highway_rev,False,
base_0245,vehicle.carlamotors.carlacola,special,yellow,,255,217,19,255,200,0,428.75,route_south,False,
base_0246,vehicle.dodge.charger_2020,sedan,silver,,208,184,211,192,192,192,430.5,route_west_entry,False,
base_0247,vehicle.tesla.model3,sedan,gray,,111,148,122,128,128,128,432.25,route_east,False,
base_0248,vehicle.tesla.model3,sedan,black,,0,16,19,15,15,15,434.0,route_west_entry,False,
base_0249,vehicle.volkswagen.t2,van,cool_white,,243,236,255,240,248,255,435.75,route_highway_rev,False,
base_0250,vehicle.mercedes.coupe,coupe,gray,,117,141,141,128,128,128,437.5,route_south,False,
base_0251,vehicle.lincoln.mkz_2017,sedan,warm_white,,255,255,255,255,250,240,439.25,route_north,False,
base_0252,vehicle.chevrolet.impala,sedan,gray,,127,148,111,128,128,128,441.0,route_east,False,
base_0253,vehicle.audi.tt,coupe,blue,,32,80,237,30,60,220,442.75,route_highway_rev,False,
base_0254,vehicle.audi.etron,suv,dark_gray,,41,43,47,50,50,50,444.5,route_highway_rev,False,
base_0255,vehicle.nissan.micra,hatchback,warm_white,,255,249,237,255,250,240,446.25,route_south,False,
base_0256,vehicle.bmw.grandtourer,sedan,dark_gray,,48,59,30,50,50,50,448.0,route_ew_full,False,
base_0257,vehicle.citroen.c3,hatchback,warm_white,,254,255,247,255,250,240,449.75,route_south,False,
base_0258,vehicle.jeep.wrangler_rubicon,suv,warm_white,,255,231,226,255,250,240,451.5,route_east,False,
base_0259,vehicle.audi.a2,sedan,black,,0,0,12,15,15,15,453.25,route_north,False,
base_0260,vehicle.audi.a2,sedan,dark_blue,,0,0,149,0,0,139,455.0,route_highway_rev,False,
base_0261,vehicle.jeep.wrangler_rubicon,suv,gray,,145,122,138,128,128,128,456.75,route_east,False,
base_0262,vehicle.audi.etron,suv,black,,4,8,19,15,15,15,458.5,route_east,False,
base_0263,vehicle.seat.leon,hatchback,cool_white,,226,231,252,240,248,255,460.25,route_highway_rev,False,
base_0264,vehicle.mercedes.coupe_2020,coupe,white,,255,248,242,255,255,255,462.0,route_ew_full,False,
base_0265,vehicle.mini.cooper_s,hatchback,dark_gray,,67,69,49,50,50,50,463.75,route_highway_rev,False,
base_0266,vehicle.lincoln.mkz_2017,sedan,blue,,25,57,238,30,60,220,465.5,route_ew_full,False,
base_0267,vehicle.carlamotors.carlacola,special,blue,,22,57,204,30,60,220,467.25,route_highway_rev,False,
base_0268,vehicle.lincoln.mkz_2017,sedan,white,,251,255,255,255,255,255,469.0,route_north,False,
base_0269,vehicle.audi.a2,sedan,warm_white,,255,255,226,255,250,240,470.75,route_south,False,
base_0270,vehicle.jeep.wrangler_rubicon,suv,beige,,229,255,202,245,245,220,472.5,route_north,False,
base_0271,vehicle.lincoln.mkz_2017,sedan,cool_white,,225,255,255,240,248,255,474.25,route_highway_rev,False,
base_0272,vehicle.nissan.micra,hatchback,red,,229,38,27,220,30,30,476.0,route_south,False,
base_0273,vehicle.volkswagen.t2,van,dark_gray,,45,65,51,50,50,50,477.75,route_west_entry,False,
base_0274,vehicle.volkswagen.t2,van,silver,,208,197,201,192,192,192,479.5,route_highway_rev,False,
base_0275,vehicle.audi.etron,suv,white,,255,255,244,255,255,255,481.25,route_east,False,
base_0276,vehicle.dodge.charger_2020,sedan,blue,,26,50,229,30,60,220,483.0,route_south,False,
base_0277,vehicle.audi.tt,coupe,dark_gray,,61,40,60,50,50,50,484.75,route_north,False,
base_0278,vehicle.volkswagen.t2_2021,van,warm_white,,255,255,255,255,250,240,486.5,route_west_entry,False,
base_0279,vehicle.dodge.charger_2020,sedan,cool_white,,255,245,255,240,248,255,488.25,route_east,False,
base_0280,vehicle.volkswagen.t2,van,white,,243,253,244,255,255,255,490.0,route_south,False,
base_0281,vehicle.nissan.patrol,suv,silver,,194,183,203,192,192,192,491.75,route_west_entry,False,
base_0282,vehicle.seat.leon,hatchback,burgundy,,145,2,12,128,0,32,493.5,route_highway_rev,False,
base_0283,vehicle.lincoln.mkz_2017,sedan,cool_white,,255,255,255,240,248,255,495.25,route_ew_full,False,
base_0284,vehicle.mercedes.coupe,coupe,black,,26,18,33,15,15,15,497.0,route_west_entry,False,
base_0285,vehicle.bmw.grandtourer,sedan,black,,12,35,7,15,15,15,498.75,route_highway_rev,False,
base_0286,vehicle.volkswagen.t2_2021,van,dark_red,,126,9,11,139,0,0,500.5,route_east,False,
base_0287,vehicle.dodge.charger_2020,sedan,warm_white,,240,255,244,255,250,240,502.25,route_ew_full,False,
base_0288,vehicle.audi.tt,coupe,black,,24,18,12,15,15,15,504.0,route_ew_full,False,
base_0289,vehicle.audi.tt,coupe,warm_white,,236,232,220,255,250,240,505.75,route_west_entry,False,
base_0290,vehicle.audi.tt,coupe,white,,255,255,255,255,255,255,507.5,route_ew_full,False,
base_0291,vehicle.audi.etron,suv,warm_white,,255,255,249,255,250,240,509.25,route_ew_full,False,
base_0292,vehicle.dodge.charger_2020,sedan,white,,235,255,255,255,255,255,511.0,route_south,False,
base_0293,vehicle.lincoln.mkz_2017,sedan,dark_gray,,66,68,70,50,50,50,512.75,route_ew_full,False,
base_0294,vehicle.audi.etron,suv,white,,255,255,255,255,255,255,514.5,route_west_entry,False,
base_0295,vehicle.mini.cooper_s,hatchback,cool_white,,233,236,255,240,248,255,516.25,route_east,False,
base_0296,vehicle.dodge.charger_2020,sedan,black,,33,35,13,15,15,15,518.0,route_ew_full,False,
base_0297,vehicle.audi.etron,suv,blue,,23,40,207,30,60,220,519.75,route_highway_rev,False,
base_0298,vehicle.volkswagen.t2,van,dark_blue,,16,20,152,0,0,139,521.5,route_east,False,
base_0299,vehicle.mini.cooper_s,hatchback,beige,,225,243,213,245,245,220,523.25,route_west_entry,False,
base_0300,vehicle.mini.cooper_s,hatchback,gray,,139,111,127,128,128,128,525.0,route_north,False,
base_0301,vehicle.volkswagen.t2,van,white,,255,243,246,255,255,255,526.75,route_north,False,
base_0302,vehicle.mercedes.coupe,coupe,white,,248,250,241,255,255,255,528.5,route_north,False,
base_0303,vehicle.tesla.model3,sedan,silver,,212,197,183,192,192,192,530.25,route_south,False,
base_0304,vehicle.volkswagen.t2,van,sky_blue,,141,198,242,135,206,235,532.0,route_west_entry,False,
base_0305,vehicle.citroen.c3,hatchback,gray,,142,138,127,128,128,128,533.75,route_west_entry,False,
base_0306,vehicle.audi.etron,suv,white,,238,244,246,255,255,255,535.5,route_ew_full,False,
base_0307,vehicle.nissan.patrol,suv,yellow,,250,213,0,255,200,0,537.25,route_ew_full,False,
base_0308,vehicle.citroen.c3,hatchback,black,,22,2,30,15,15,15,539.0,route_west_entry,False,
base_0309,vehicle.tesla.model3,sedan,black,,5,12,35,15,15,15,540.75,route_east,False,
base_0310,vehicle.chevrolet.impala,sedan,brown,,145,98,38,139,90,43,542.5,route_north,False,
base_0311,vehicle.audi.a2,sedan,gray,,111,113,148,128,128,128,544.25,route_north,False,
base_0312,vehicle.audi.etron,suv,black,,35,5,31,15,15,15,546.0,route_highway_rev,False,
base_0313,vehicle.chevrolet.impala,sedan,silver,,212,208,207,192,192,192,547.75,route_ew_full,False,
base_0314,vehicle.jeep.wrangler_rubicon,suv,silver,,204,176,175,192,192,192,549.5,route_east,False,
base_0315,vehicle.citroen.c3,hatchback,gray,,125,121,128,128,128,128,551.25,route_south,False,
base_0316,vehicle.audi.etron,suv,black,,7,8,24,15,15,15,553.0,route_ew_full,False,
base_0317,vehicle.audi.tt,coupe,blue,,24,73,205,30,60,220,554.75,route_west_entry,False,
base_0318,vehicle.mini.cooper_s_2021,hatchback,black,,2,27,23,15,15,15,556.5,route_west_entry,False,
base_0319,vehicle.mini.cooper_s,hatchback,blue,,20,78,229,30,60,220,558.25,route_north,False,
base_0320,vehicle.tesla.model3,sedan,black,,15,34,0,15,15,15,560.0,route_east,False,
base_0321,vehicle.audi.etron,suv,silver,,192,192,175,192,192,192,561.75,route_north,False,
base_0322,vehicle.dodge.charger_police,special,black,,7,20,18,15,15,15,563.5,route_ew_full,False,
base_0323,vehicle.toyota.prius,sedan,brown,,132,102,53,139,90,43,565.25,route_ew_full,False,
base_0324,vehicle.tesla.model3,sedan,black,,32,31,7,15,15,15,567.0,route_ew_full,False,
base_0325,vehicle.audi.etron,suv,silver,,188,180,199,192,192,192,568.75,route_highway_rev,False,
base_0326,vehicle.dodge.charger_2020,sedan,black,,24,8,23,15,15,15,570.5,route_east,False,
base_0327,vehicle.nissan.patrol,suv,white,,249,251,235,255,255,255,572.25,route_south,False,
base_0328,vehicle.nissan.patrol_2021,suv,white,,255,255,239,255,255,255,574.0,route_north,False,
base_0329,vehicle.volkswagen.t2_2021,van,dark_gray,,47,34,52,50,50,50,575.75,route_highway_rev,False,
base_0330,vehicle.volkswagen.t2_2021,van,warm_white,,255,255,255,255,250,240,577.5,route_south,False,
base_0331,vehicle.jeep.wrangler_rubicon,suv,sky_blue,,135,193,222,135,206,235,579.25,route_ew_full,False,
base_0332,vehicle.tesla.model3,sedan,blue,,42,52,231,30,60,220,581.0,route_south,False,
base_0333,vehicle.seat.leon,hatchback,silver,,201,181,199,192,192,192,582.75,route_north,False,
base_0334,vehicle.audi.a2,sedan,black,,24,0,21,15,15,15,584.5,route_ew_full,False,
base_0335,vehicle.jeep.wrangler_rubicon,suv,dark_gray,,40,66,41,50,50,50,586.25,route_highway_rev,False,
base_0336,vehicle.volkswagen.t2,van,red,,212,15,47,220,30,30,588.0,route_west_entry,False,
base_0337,vehicle.mercedes.coupe_2020,coupe,warm_white,,255,252,255,255,250,240,589.75,route_west_entry,False,
base_0338,vehicle.lincoln.mkz_2017,sedan,dark_gray,,48,70,53,50,50,50,591.5,route_ew_full,False,
base_0339,vehicle.chevrolet.impala,sedan,dark_gray,,46,33,70,50,50,50,593.25,route_highway_rev,False,
base_0340,vehicle.nissan.micra,hatchback,gray,,110,139,134,128,128,128,595.0,route_highway_rev,False,
base_0341,vehicle.citroen.c3,hatchback,yellow,,245,183,17,255,200,0,596.75,route_south,False,
base_0342,vehicle.chevrolet.impala,sedan,black,,11,26,0,15,15,15,598.5,route_south,False,
base_0343,vehicle.chevrolet.impala,sedan,dark_gray,,30,59,39,50,50,50,600.25,route_east,False,
base_0344,vehicle.audi.tt,coupe,dark_gray,,43,56,62,50,50,50,602.0,route_east,False,
base_0345,vehicle.audi.etron,suv,warm_white,,250,251,245,255,250,240,603.75,route_east,False,
base_0346,vehicle.mercedes.coupe,coupe,dark_gray,,30,62,43,50,50,50,605.5,route_ew_full,False,
base_0347,vehicle.chevrolet.impala,sedan,gray,,127,119,142,128,128,128,607.25,route_ew_full,False,
base_0348,vehicle.citroen.c3,hatchback,cool_white,,255,250,255,240,248,255,609.0,route_east,False,
base_0349,vehicle.mini.cooper_s_2021,hatchback,gray,,124,137,143,128,128,128,610.75,route_highway_rev,False,
base_0350,vehicle.jeep.wrangler_rubicon,suv,black,,7,6,29,15,15,15,612.5,route_east,False,
base_0351,vehicle.bmw.grandtourer,sedan,warm_white,,255,255,231,255,250,240,614.25,route_ew_full,False,
base_0352,vehicle.mercedes.coupe,coupe,black,,34,0,6,15,15,15,616.0,route_north,False,
base_0353,vehicle.chevrolet.impala,sedan,red,,225,42,47,220,30,30,617.75,route_south,False,
base_0354,vehicle.audi.etron,suv,red,,217,34,36,220,30,30,619.5,route_ew_full,False,
base_0355,vehicle.mini.cooper_s,hatchback,yellow,,255,184,0,255,200,0,621.25,route_south,False,
base_0356,vehicle.lincoln.mkz_2017,sedan,black,,17,0,22,15,15,15,623.0,route_east,False,
base_0357,vehicle.volkswagen.t2_2021,van,warm_white,,255,255,228,255,250,240,624.75,route_west_entry,False,
base_0358,vehicle.volkswagen.t2,van,black,,5,14,23,15,15,15,626.5,route_west_entry,False,
base_0359,vehicle.volkswagen.t2_2021,van,burgundy,,134,4,25,128,0,32,628.25,route_west_entry,False,
base_0360,vehicle.volkswagen.t2_2021,van,silver,,202,202,211,192,192,192,630.0,route_east,False,
base_0361,vehicle.lincoln.mkz_2020,sedan,warm_white,,241,244,255,255,250,240,631.75,route_west_entry,False,
base_0362,vehicle.citroen.c3,hatchback,burgundy,,128,0,39,128,0,32,633.5,route_west_entry,False,
base_0363,vehicle.mercedes.coupe_2020,coupe,blue,,11,44,206,30,60,220,635.25,route_highway_rev,False,
base_0364,vehicle.jeep.wrangler_rubicon,suv,blue,,46,55,222,30,60,220,637.0,route_ew_full,False,
base_0365,vehicle.jeep.wrangler_rubicon,suv,dark_red,,127,14,1,139,0,0,638.75,route_east,False,
base_0366,vehicle.mini.cooper_s_2021,hatchback,dark_gray,,53,35,63,50,50,50,640.5,route_east,False,
base_0367,vehicle.ford.ambulance,special,red,,238,48,15,220,30,30,642.25,route_ew_full,False,
base_0368,vehicle.bmw.grandtourer,sedan,silver,,172,183,191,192,192,192,644.0,route_highway_rev,False,
base_0369,vehicle.citroen.c3,hatchback,dark_gray,,43,30,59,50,50,50,645.75,route_north,False,
base_0370,vehicle.audi.tt,coupe,gray,,133,148,110,128,128,128,647.5,route_south,False,
base_0371,vehicle.lincoln.mkz_2017,sedan,blue,,13,64,220,30,60,220,649.25,route_ew_full,False,
base_0372,vehicle.ford.ambulance,special,blue,,33,63,214,30,60,220,651.0,route_highway_rev,False,
base_0373,vehicle.nissan.patrol_2021,suv,dark_red,,135,3,0,139,0,0,652.75,route_south,False,
base_0374,vehicle.audi.tt,coupe,warm_white,,255,255,231,255,250,240,654.5,route_north,False,
base_0375,vehicle.toyota.prius,sedan,black,,8,16,7,15,15,15,656.25,route_ew_full,False,
base_0376,vehicle.lincoln.mkz_2017,sedan,dark_gray,,57,57,44,50,50,50,658.0,route_north,False,
base_0377,vehicle.jeep.wrangler_rubicon,suv,black,,0,10,21,15,15,15,659.75,route_north,False,
base_0378,vehicle.dodge.charger_police,special,dark_red,,124,0,0,139,0,0,661.5,route_ew_full,False,
base_0379,vehicle.audi.tt,coupe,white,,237,250,255,255,255,255,663.25,route_south,False,
base_0380,vehicle.audi.tt,coupe,gray,,116,126,126,128,128,128,665.0,route_north,False,
base_0381,vehicle.jeep.wrangler_rubicon,suv,black,,2,0,29,15,15,15,666.75,route_north,False,
base_0382,vehicle.nissan.micra,hatchback,dark_gray,,60,45,62,50,50,50,668.5,route_ew_full,False,
base_0383,vehicle.volkswagen.t2,van,warm_white,,237,234,243,255,250,240,670.25,route_west_entry,False,
base_0384,vehicle.dodge.charger_police,special,black,,0,23,0,15,15,15,672.0,route_ew_full,False,
base_0385,vehicle.volkswagen.t2,van,dark_gray,,45,36,37,50,50,50,673.75,route_south,False,
base_0386,vehicle.audi.tt,coupe,black,,26,33,26,15,15,15,675.5,route_east,False,
base_0387,vehicle.audi.tt,coupe,blue,,16,80,210,30,60,220,677.25,route_south,False,
base_0388,vehicle.audi.a2,sedan,dark_gray,,53,51,54,50,50,50,679.0,route_north,False,
base_0389,vehicle.jeep.wrangler_rubicon,suv,yellow,,253,191,7,255,200,0,680.75,route_north,False,
base_0390,vehicle.lincoln.mkz_2020,sedan,dark_gray,,60,51,55,50,50,50,682.5,route_ew_full,False,
base_0391,vehicle.jeep.wrangler_rubicon,suv,gray,,137,133,141,128,128,128,684.25,route_north,False,
base_0392,vehicle.seat.leon,hatchback,green,,50,140,48,34,139,34,686.0,route_east,False,
base_0393,vehicle.volkswagen.t2,van,dark_blue,,6,18,140,0,0,139,687.75,route_west_entry,False,
base_0394,vehicle.bmw.grandtourer,sedan,gray,,118,143,147,128,128,128,689.5,route_east,False,
base_0395,vehicle.toyota.prius,sedan,beige,,244,247,214,245,245,220,691.25,route_north,False,
base_0396,vehicle.mini.cooper_s,hatchback,brown,,132,101,38,139,90,43,693.0,route_west_entry,False,
base_0397,vehicle.seat.leon,hatchback,brown,,149,84,23,139,90,43,694.75,route_ew_full,False,
base_0398,vehicle.audi.etron,suv,warm_white,,255,246,237,255,250,240,696.5,route_highway_rev,False,
base_0399,vehicle.audi.a2,sedan,gray,,117,119,134,128,128,128,698.25,route_west_entry,False,
base_0400,vehicle.jeep.wrangler_rubicon,suv,burgundy,,145,17,42,128,0,32,700.0,route_highway_rev,False,
base_0401,vehicle.mini.cooper_s,hatchback,black,,11,35,33,15,15,15,701.75,route_highway_rev,False,
base_0402,vehicle.bmw.grandtourer,sedan,silver,,192,201,201,192,192,192,703.5,route_east,False,
base_0403,vehicle.seat.leon,hatchback,black,,6,23,32,15,15,15,705.25,route_east,False,
base_0404,vehicle.lincoln.mkz_2020,sedan,black,,0,14,34,15,15,15,707.0,route_ew_full,False,
base_0405,vehicle.audi.a2,sedan,silver,,191,173,198,192,192,192,708.75,route_south,False,
base_0406,vehicle.jeep.wrangler_rubicon,suv,blue,,29,53,219,30,60,220,710.5,route_west_entry,False,
base_0407,vehicle.citroen.c3,hatchback,dark_gray,,65,43,66,50,50,50,712.25,route_ew_full,False,
base_0408,vehicle.audi.etron,suv,white,,238,255,255,255,255,255,714.0,route_west_entry,False,
base_0409,vehicle.nissan.micra,hatchback,dark_gray,,43,67,53,50,50,50,715.75,route_north,False,
base_0410,vehicle.nissan.patrol_2021,suv,warm_white,,235,255,243,255,250,240,717.5,route_ew_full,False,
base_0411,vehicle.dodge.charger_police,special,black,,0,26,30,15,15,15,719.25,route_highway_rev,False,
base_0412,vehicle.mini.cooper_s_2021,hatchback,white,,240,255,246,255,255,255,721.0,route_west_entry,False,
base_0413,vehicle.jeep.wrangler_rubicon,suv,dark_gray,,42,34,65,50,50,50,722.75,route_highway_rev,False,
base_0414,vehicle.jeep.wrangler_rubicon,suv,dark_gray,,47,61,61,50,50,50,724.5,route_west_entry,False,
base_0415,vehicle.bmw.grandtourer,sedan,white,,255,255,255,255,255,255,726.25,route_south,False,
base_0416,vehicle.seat.leon,hatchback,black,,19,26,12,15,15,15,728.0,route_highway_rev,False,
base_0417,vehicle.volkswagen.t2,van,cool_white,,249,231,255,240,248,255,729.75,route_highway_rev,False,
base_0418,vehicle.mercedes.coupe,coupe,warm_white,,237,251,255,255,250,240,731.5,route_west_entry,False,
base_0419,vehicle.chevrolet.impala,sedan,green,,44,132,39,34,139,34,733.25,route_highway_rev,False,
base_0420,vehicle.nissan.patrol_2021,suv,blue,,15,51,211,30,60,220,735.0,route_ew_full,False,
base_0421,vehicle.nissan.patrol_2021,suv,blue,,45,42,233,30,60,220,736.75,route_north,False,
base_0422,vehicle.toyota.prius,sedan,white,,243,255,249,255,255,255,738.5,route_south,False,
base_0423,vehicle.audi.etron,suv,white,,237,254,255,255,255,255,740.25,route_highway_rev,False,
base_0424,vehicle.volkswagen.t2,van,silver,,190,189,174,192,192,192,742.0,route_west_entry,False,
base_0425,vehicle.nissan.patrol_2021,suv,warm_white,,242,255,255,255,250,240,743.75,route_highway_rev,False,
base_0426,vehicle.tesla.model3,sedan,gray,,111,114,147,128,128,128,745.5,route_east,False,
base_0427,vehicle.tesla.model3,sedan,white,,255,236,255,255,255,255,747.25,route_north,False,
base_0428,vehicle.carlamotors.carlacola,special,red,,229,13,33,220,30,30,749.0,route_ew_full,False,
base_0429,vehicle.audi.etron,suv,blue,,17,60,218,30,60,220,750.75,route_east,False,
base_0430,vehicle.audi.tt,coupe,warm_white,,241,255,237,255,250,240,752.5,route_ew_full,False,
base_0431,vehicle.mini.cooper_s,hatchback,white,,255,255,255,255,255,255,754.25,route_east,False,
base_0432,vehicle.dodge.charger_2020,sedan,black,,29,24,14,15,15,15,756.0,route_south,False,
base_0433,vehicle.citroen.c3,hatchback,dark_red,,135,0,18,139,0,0,757.75,route_west_entry,False,
base_0434,vehicle.volkswagen.t2_2021,van,brown,,124,92,63,139,90,43,759.5,route_south,False,
base_0435,vehicle.dodge.charger_2020,sedan,cool_white,,243,255,255,240,248,255,761.25,route_south,False,
base_0436,vehicle.mercedes.coupe,coupe,sky_blue,,154,196,249,135,206,235,763.0,route_east,False,
base_0437,vehicle.tesla.model3,sedan,silver,,180,182,172,192,192,192,764.75,route_east,False,
base_0438,vehicle.tesla.model3,sedan,black,,0,20,4,15,15,15,766.5,route_south,False,
base_0439,vehicle.audi.a2,sedan,black,,0,32,19,15,15,15,768.25,route_west_entry,False,
base_0440,vehicle.volkswagen.t2_2021,van,dark_gray,,49,40,46,50,50,50,770.0,route_highway_rev,False,
base_0441,vehicle.audi.etron,suv,green,,39,142,41,34,139,34,771.75,route_highway_rev,False,
base_0442,vehicle.mini.cooper_s_2021,hatchback,gray,,147,133,121,128,128,128,773.5,route_east,False,
base_0443,vehicle.chevrolet.impala,sedan,black,,26,21,1,15,15,15,775.25,route_east,False,
base_0444,vehicle.tesla.model3,sedan,gray,,117,134,146,128,128,128,777.0,route_west_entry,False,
base_0445,vehicle.volkswagen.t2_2021,van,dark_red,,132,9,15,139,0,0,778.75,route_east,False,
base_0446,vehicle.mercedes.coupe,coupe,gray,,146,148,145,128,128,128,780.5,route_east,False,
base_0447,vehicle.dodge.charger_2020,sedan,gray,,125,108,134,128,128,128,782.25,route_highway_rev,False,
base_0448,vehicle.toyota.prius,sedan,white,,236,245,255,255,255,255,784.0,route_highway_rev,False,
base_0449,vehicle.mini.cooper_s,hatchback,gray,,113,142,114,128,128,128,785.75,route_ew_full,False,
base_0450,vehicle.audi.a2,sedan,white,,255,255,255,255,255,255,787.5,route_ew_full,False,
base_0451,vehicle.seat.leon,hatchback,black,,9,18,2,15,15,15,789.25,route_north,False,
base_0452,vehicle.jeep.wrangler_rubicon,suv,dark_gray,,48,63,57,50,50,50,791.0,route_ew_full,False,
base_0453,vehicle.toyota.prius,sedan,dark_red,,144,0,0,139,0,0,792.75,route_east,False,
base_0454,vehicle.volkswagen.t2,van,sky_blue,,117,214,219,135,206,235,794.5,route_highway_rev,False,
base_0455,vehicle.nissan.patrol,suv,silver,,199,187,200,192,192,192,796.25,route_south,False,
base_0456,vehicle.mini.cooper_s_2021,hatchback,gray,,118,125,124,128,128,128,798.0,route_west_entry,False,
base_0457,vehicle.audi.etron,suv,blue,,25,76,201,30,60,220,799.75,route_east,False,
base_0458,vehicle.ford.ambulance,special,gray,,143,114,135,128,128,128,801.5,route_west_entry,False,
base_0459,vehicle.audi.etron,suv,dark_gray,,68,55,59,50,50,50,803.25,route_highway_rev,False,
base_0460,vehicle.mercedes.coupe_2020,coupe,dark_blue,,10,0,156,0,0,139,805.0,route_highway_rev,False,
base_0461,vehicle.volkswagen.t2_2021,van,white,,255,255,255,255,255,255,806.75,route_ew_full,False,
base_0462,vehicle.volkswagen.t2_2021,van,white,,255,255,240,255,255,255,808.5,route_highway_rev,False,
base_0463,vehicle.toyota.prius,sedan,white,,243,255,255,255,255,255,810.25,route_east,False,
base_0464,vehicle.volkswagen.t2,van,black,,0,23,10,15,15,15,812.0,route_east,False,
base_0465,vehicle.tesla.model3,sedan,beige,,233,238,228,245,245,220,813.75,route_north,False,
base_0466,vehicle.volkswagen.t2_2021,van,brown,,151,106,46,139,90,43,815.5,route_west_entry,False,
base_0467,vehicle.chevrolet.impala,sedan,white,,255,243,253,255,255,255,817.25,route_south,False,
base_0468,vehicle.mini.cooper_s,hatchback,white,,255,255,255,255,255,255,819.0,route_highway_rev,False,
base_0469,vehicle.volkswagen.t2,van,silver,,178,200,189,192,192,192,820.75,route_ew_full,False,
base_0470,vehicle.mercedes.coupe,coupe,black,,22,24,23,15,15,15,822.5,route_ew_full,False,
base_0471,vehicle.volkswagen.t2_2021,van,silver,,177,182,178,192,192,192,824.25,route_ew_full,False,
base_0472,vehicle.nissan.patrol,suv,white,,238,239,255,255,255,255,826.0,route_highway_rev,False,
base_0473,vehicle.mercedes.coupe_2020,coupe,dark_gray,,43,55,39,50,50,50,827.75,route_north,False,
base_0474,vehicle.volkswagen.t2,van,black,,27,8,14,15,15,15,829.5,route_ew_full,False,
base_0475,vehicle.audi.etron,suv,blue,,48,75,226,30,60,220,831.25,route_ew_full,False,
base_0476,vehicle.tesla.model3,sedan,red,,212,41,24,220,30,30,833.0,route_east,False,
base_0477,vehicle.citroen.c3,hatchback,black,,0,11,14,15,15,15,834.75,route_ew_full,False,
base_0478,vehicle.audi.tt,coupe,silver,,197,175,194,192,192,192,836.5,route_ew_full,False,
base_0479,vehicle.nissan.patrol_2021,suv,dark_gray,,42,56,33,50,50,50,838.25,route_ew_full,False,
base_0480,vehicle.lincoln.mkz_2020,sedan,cool_white,,245,255,244,240,248,255,840.0,route_south,False,
base_0481,vehicle.mercedes.coupe,coupe,blue,,21,45,216,30,60,220,841.75,route_highway_rev,False,
base_0482,vehicle.audi.etron,suv,yellow,,255,213,20,255,200,0,843.5,route_highway_rev,False,
base_0483,vehicle.mini.cooper_s_2021,hatchback,yellow,,251,192,0,255,200,0,845.25,route_north,False,
base_0484,vehicle.audi.a2,sedan,silver,,196,178,177,192,192,192,847.0,route_west_entry,False,
base_0485,vehicle.dodge.charger_2020,sedan,dark_blue,,2,15,121,0,0,139,848.75,route_west_entry,False,
base_0486,vehicle.audi.tt,coupe,black,,5,20,26,15,15,15,850.5,route_ew_full,False,
base_0487,vehicle.jeep.wrangler_rubicon,suv,silver,,211,206,203,192,192,192,852.25,route_west_entry,False,
base_0488,vehicle.ford.ambulance,special,dark_gray,,54,39,37,50,50,50,854.0,route_north,False,
base_0489,vehicle.nissan.patrol_2021,suv,dark_gray,,30,32,54,50,50,50,855.75,route_ew_full,False,
base_0490,vehicle.ford.ambulance,special,black,,3,0,14,15,15,15,857.5,route_south,False,
base_0491,vehicle.citroen.c3,hatchback,dark_gray,,45,55,59,50,50,50,859.25,route_north,False,
base_0492,vehicle.dodge.charger_2020,sedan,dark_gray,,49,53,70,50,50,50,861.0,route_east,False,
base_0493,vehicle.audi.etron,suv,dark_gray,,44,45,50,50,50,50,862.75,route_north,False,
base_0494,vehicle.mini.cooper_s_2021,hatchback,warm_white,,242,255,243,255,250,240,864.5,route_highway_rev,False,
base_0495,vehicle.toyota.prius,sedan,warm_white,,243,236,255,255,250,240,866.25,route_north,False,
base_0496,vehicle.audi.tt,coupe,warm_white,,247,255,233,255,250,240,868.0,route_ew_full,False,
base_0497,vehicle.ford.ambulance,special,black,,32,22,6,15,15,15,869.75,route_north,False,
base_0498,vehicle.audi.etron,suv,gray,,126,141,146,128,128,128,871.5,route_west_entry,False,
base_0499,vehicle.nissan.patrol,suv,black,,16,10,35,15,15,15,873.25,route_north,False,
base_0500,vehicle.mini.cooper_s_2021,hatchback,warm_white,,239,244,224,255,250,240,875.0,route_highway_rev,False,
base_0501,vehicle.audi.etron,suv,dark_gray,,46,42,69,50,50,50,876.75,route_east,False,
base_0502,vehicle.dodge.charger_2020,sedan,white,,254,247,248,255,255,255,878.5,route_east,False,
base_0503,vehicle.mini.cooper_s,hatchback,burgundy,,138,13,36,128,0,32,880.25,route_north,False,
base_0504,vehicle.toyota.prius,sedan,gray,,121,127,145,128,128,128,882.0,route_north,False,
base_0505,vehicle.chevrolet.impala,sedan,dark_gray,,37,63,68,50,50,50,883.75,route_west_entry,False,
base_0506,vehicle.tesla.model3,sedan,white,,251,255,255,255,255,255,885.5,route_west_entry,False,
base_0507,vehicle.volkswagen.t2,van,warm_white,,255,255,255,255,250,240,887.25,route_highway_rev,False,
base_0508,vehicle.volkswagen.t2,van,silver,,209,187,177,192,192,192,889.0,route_highway_rev,False,
base_0509,vehicle.toyota.prius,sedan,white,,252,235,247,255,255,255,890.75,route_south,False,
base_0510,vehicle.audi.tt,coupe,silver,,204,194,202,192,192,192,892.5,route_east,False,
base_0511,vehicle.lincoln.mkz_2020,sedan,warm_white,,244,241,233,255,250,240,894.25,route_north,False,
base_0512,vehicle.audi.etron,suv,black,,14,20,11,15,15,15,896.0,route_north,False,
base_0513,vehicle.nissan.patrol_2021,suv,warm_white,,255,240,223,255,250,240,897.75,route_south,False,
base_0514,vehicle.mini.cooper_s_2021,hatchback,dark_gray,,68,41,68,50,50,50,899.5,route_highway_rev,False,
base_0515,vehicle.mercedes.coupe,coupe,dark_gray,,53,46,49,50,50,50,901.25,route_ew_full,False,
base_0516,vehicle.mercedes.coupe,coupe,black,,5,16,29,15,15,15,903.0,route_north,False,
base_0517,vehicle.jeep.wrangler_rubicon,suv,burgundy,,109,0,36,128,0,32,904.75,route_west_entry,False,
base_0518,vehicle.mini.cooper_s_2021,hatchback,warm_white,,255,230,236,255,250,240,906.5,route_north,False,
base_0519,vehicle.tesla.model3,sedan,gray,,108,143,148,128,128,128,908.25,route_north,False,
base_0520,vehicle.nissan.patrol,suv,red,,235,22,34,220,30,30,910.0,route_ew_full,False,
base_0521,vehicle.bmw.grandtourer,sedan,dark_gray,,65,67,42,50,50,50,911.75,route_east,False,
base_0522,vehicle.toyota.prius,sedan,silver,,186,202,180,192,192,192,913.5,route_ew_full,False,
base_0523,vehicle.carlamotors.carlacola,special,warm_white,,255,241,242,255,250,240,915.25,route_north,False,
base_0524,vehicle.audi.etron,suv,white,,255,235,251,255,255,255,917.0,route_north,False,
base_0525,vehicle.seat.leon,hatchback,dark_gray,,32,62,48,50,50,50,918.75,route_highway_rev,False,
base_0526,vehicle.audi.tt,coupe,dark_gray,,60,64,46,50,50,50,920.5,route_south,False,
base_0527,vehicle.mini.cooper_s,hatchback,silver,,189,195,182,192,192,192,922.25,route_south,False,
base_0528,vehicle.volkswagen.t2,van,sky_blue,,136,189,227,135,206,235,924.0,route_west_entry,False,
base_0529,vehicle.mini.cooper_s,hatchback,burgundy,,118,7,22,128,0,32,925.75,route_east,False,
base_0530,vehicle.volkswagen.t2_2021,van,black,,22,13,1,15,15,15,927.5,route_south,False,
base_0531,vehicle.bmw.grandtourer,sedan,dark_gray,,37,54,37,50,50,50,929.25,route_south,False,
base_0532,vehicle.jeep.wrangler_rubicon,suv,gray,,134,144,138,128,128,128,931.0,route_west_entry,False,
base_0533,vehicle.seat.leon,hatchback,warm_white,,251,232,230,255,250,240,932.75,route_west_entry,False,
base_0534,vehicle.bmw.grandtourer,sedan,dark_gray,,36,61,68,50,50,50,934.5,route_north,False,
base_0535,vehicle.jeep.wrangler_rubicon,suv,white,,255,238,246,255,255,255,936.25,route_north,False,
base_0536,vehicle.carlamotors.carlacola,special,green,,38,147,33,34,139,34,938.0,route_east,False,
base_0537,vehicle.dodge.charger_police,special,dark_gray,,44,58,60,50,50,50,939.75,route_north,False,
base_0538,vehicle.mercedes.coupe,coupe,silver,,181,204,189,192,192,192,941.5,route_west_entry,False,
base_0539,vehicle.bmw.grandtourer,sedan,red,,214,40,33,220,30,30,943.25,route_west_entry,False,
base_0540,vehicle.bmw.grandtourer,sedan,dark_blue,,20,0,123,0,0,139,945.0,route_east,False,
base_0541,vehicle.audi.etron,suv,cool_white,,250,255,255,240,248,255,946.75,route_highway_rev,False,
base_0542,vehicle.lincoln.mkz_2017,sedan,burgundy,,123,0,22,128,0,32,948.5,route_east,False,
base_0543,vehicle.mercedes.coupe_2020,coupe,gray,,129,128,118,128,128,128,950.25,route_highway_rev,False,
base_0544,vehicle.mercedes.coupe_2020,coupe,silver,,180,207,173,192,192,192,952.0,route_south,False,
base_0545,vehicle.mini.cooper_s,hatchback,burgundy,,132,14,41,128,0,32,953.75,route_south,False,
base_0546,vehicle.chevrolet.impala,sedan,white,,250,241,245,255,255,255,955.5,route_north,False,
base_0547,vehicle.lincoln.mkz_2017,sedan,dark_gray,,64,30,58,50,50,50,957.25,route_ew_full,False,
base_0548,vehicle.lincoln.mkz_2020,sedan,beige,,241,239,231,245,245,220,959.0,route_west_entry,False,
base_0549,vehicle.jeep.wrangler_rubicon,suv,dark_gray,,42,51,62,50,50,50,960.75,route_west_entry,False,
base_0550,vehicle.seat.leon,hatchback,dark_blue,,0,9,136,0,0,139,962.5,route_west_entry,False,
base_0551,vehicle.dodge.charger_police,special,dark_gray,,70,51,39,50,50,50,964.25,route_highway_rev,False,
base_0552,vehicle.dodge.charger_police,special,dark_gray,,60,36,32,50,50,50,966.0,route_highway_rev,False,
base_0553,vehicle.audi.etron,suv,dark_gray,,53,70,31,50,50,50,967.75,route_highway_rev,False,
base_0554,vehicle.ford.ambulance,special,dark_red,,125,0,0,139,0,0,969.5,route_east,False,
base_0555,vehicle.volkswagen.t2_2021,van,dark_gray,,36,64,68,50,50,50,971.25,route_west_entry,False,
base_0556,vehicle.mini.cooper_s,hatchback,black,,0,4,25,15,15,15,973.0,route_west_entry,False,
base_0557,vehicle.audi.a2,sedan,silver,,187,175,204,192,192,192,974.75,route_north,False,
base_0558,vehicle.citroen.c3,hatchback,warm_white,,252,234,255,255,250,240,976.5,route_west_entry,False,
base_0559,vehicle.mini.cooper_s,hatchback,black,,10,0,18,15,15,15,978.25,route_north,False,
base_0560,vehicle.audi.a2,sedan,dark_gray,,42,50,35,50,50,50,980.0,route_highway_rev,False,
base_0561,vehicle.lincoln.mkz_2020,sedan,brown,,127,97,36,139,90,43,981.75,route_north,False,
base_0562,vehicle.bmw.grandtourer,sedan,cool_white,,252,240,255,240,248,255,983.5,route_north,False,
base_0563,vehicle.dodge.charger_2020,sedan,silver,,183,178,174,192,192,192,985.25,route_ew_full,False,
base_0564,vehicle.nissan.patrol,suv,gray,,139,109,141,128,128,128,987.0,route_ew_full,False,
base_0565,vehicle.mercedes.coupe,coupe,dark_gray,,46,66,41,50,50,50,988.75,route_east,False,
base_0566,vehicle.dodge.charger_2020,sedan,yellow,,246,211,15,255,200,0,990.5,route_west_entry,False,
base_0567,vehicle.audi.a2,sedan,black,,2,31,29,15,15,15,992.25,route_highway_rev,False,
base_0568,vehicle.dodge.charger_2020,sedan,silver,,190,210,191,192,192,192,994.0,route_south,False,
base_0569,vehicle.audi.a2,sedan,gray,,119,133,118,128,128,128,995.75,route_west_entry,False,
base_0570,vehicle.mercedes.coupe,coupe,warm_white,,255,232,249,255,250,240,997.5,route_north,False,
base_0571,vehicle.nissan.micra,hatchback,burgundy,,114,0,49,128,0,32,999.25,route_south,False,
base_0572,vehicle.nissan.micra,hatchback,white,,240,255,241,255,255,255,1001.0,route_east,False,
base_0573,vehicle.toyota.prius,sedan,dark_gray,,58,39,41,50,50,50,1002.75,route_east,False,
base_0574,vehicle.jeep.wrangler_rubicon,suv,brown,,131,96,37,139,90,43,1004.5,route_south,False,
base_0575,vehicle.chevrolet.impala,sedan,black,,7,7,0,15,15,15,1006.25,route_south,False,
base_0576,vehicle.nissan.micra,hatchback,warm_white,,255,255,234,255,250,240,1008.0,route_east,False,
base_0577,vehicle.jeep.wrangler_rubicon,suv,brown,,145,79,53,139,90,43,1009.75,route_highway_rev,False,
base_0578,vehicle.lincoln.mkz_2020,sedan,white,,255,255,242,255,255,255,1011.5,route_north,False,
base_0579,vehicle.mercedes.coupe,coupe,warm_white,,255,235,255,255,250,240,1013.25,route_north,False,
base_0580,vehicle.lincoln.mkz_2017,sedan,warm_white,,237,254,229,255,250,240,1015.0,route_east,False,
base_0581,vehicle.nissan.patrol_2021,suv,warm_white,,255,251,252,255,250,240,1016.75,route_highway_rev,False,
base_0582,vehicle.bmw.grandtourer,sedan,red,,224,44,32,220,30,30,1018.5,route_south,False,
base_0583,vehicle.mercedes.coupe,coupe,dark_gray,,54,38,42,50,50,50,1020.25,route_ew_full,False,
base_0584,vehicle.mercedes.coupe,coupe,blue,,40,48,202,30,60,220,1022.0,route_south,False,
base_0585,vehicle.jeep.wrangler_rubicon,suv,dark_gray,,62,41,36,50,50,50,1023.75,route_south,False,
base_0586,vehicle.dodge.charger_2020,sedan,white,,255,255,255,255,255,255,1025.5,route_south,False,
base_0587,vehicle.audi.etron,suv,white,,253,255,255,255,255,255,1027.25,route_west_entry,False,
base_0588,vehicle.mini.cooper_s,hatchback,red,,213,29,24,220,30,30,1029.0,route_north,False,
base_0589,vehicle.audi.etron,suv,black,,0,6,13,15,15,15,1030.75,route_west_entry,False,
base_0590,vehicle.jeep.wrangler_rubicon,suv,white,,251,255,255,255,255,255,1032.5,route_west_entry,False,
base_0591,vehicle.jeep.wrangler_rubicon,suv,dark_gray,,44,63,50,50,50,50,1034.25,route_east,False,
base_0592,vehicle.volkswagen.t2,van,silver,,181,172,195,192,192,192,1036.0,route_north,False,
base_0593,vehicle.seat.leon,hatchback,blue,,23,44,217,30,60,220,1037.75,route_east,False,
base_0594,vehicle.audi.a2,sedan,yellow,,247,210,4,255,200,0,1039.5,route_east,False,
base_0595,vehicle.audi.etron,suv,warm_white,,255,249,253,255,250,240,1041.25,route_west_entry,False,
base_0596,vehicle.audi.etron,suv,dark_gray,,33,35,45,50,50,50,1043.0,route_highway_rev,False,
base_0597,vehicle.seat.leon,hatchback,yellow,,237,217,6,255,200,0,1044.75,route_ew_full,False,
base_0598,vehicle.audi.tt,coupe,white,,255,255,253,255,255,255,1046.5,route_east,False,
base_0599,vehicle.audi.tt,coupe,silver,,199,193,212,192,192,192,1048.25,route_west_entry,False,
H00_00,vehicle.nissan.patrol_2021,suv,gray,,125,113,136,128,128,128,5.0,route_ew_full,True,fleet_00
H00_01,vehicle.nissan.patrol_2021,suv,gray,,125,113,136,128,128,128,6.5,route_ew_full,True,fleet_00
H00_02,vehicle.nissan.patrol_2021,suv,gray,,125,113,136,128,128,128,8.0,route_ew_full,True,fleet_00
H00_03,vehicle.nissan.patrol_2021,suv,gray,,125,113,136,128,128,128,9.5,route_ew_full,True,fleet_00
H00_04,vehicle.nissan.patrol_2021,suv,gray,,125,113,136,128,128,128,11.0,route_ew_full,True,fleet_00
H01_00,vehicle.volkswagen.t2,van,white,,251,255,250,255,255,255,45.0,route_west_entry,True,fleet_01
H01_01,vehicle.volkswagen.t2,van,white,,251,255,250,255,255,255,46.5,route_west_entry,True,fleet_01
H01_02,vehicle.volkswagen.t2,van,white,,251,255,250,255,255,255,48.0,route_west_entry,True,fleet_01
H01_03,vehicle.volkswagen.t2,van,white,,251,255,250,255,255,255,49.5,route_west_entry,True,fleet_01
H01_04,vehicle.volkswagen.t2,van,white,,251,255,250,255,255,255,51.0,route_west_entry,True,fleet_01
H02_00,vehicle.volkswagen.t2_2021,van,warm_white,,255,255,249,255,250,240,85.0,route_south,True,fleet_02
H02_01,vehicle.volkswagen.t2_2021,van,warm_white,,255,255,249,255,250,240,86.5,route_south,True,fleet_02
H02_02,vehicle.volkswagen.t2_2021,van,warm_white,,255,255,249,255,250,240,88.0,route_south,True,fleet_02
H02_03,vehicle.volkswagen.t2_2021,van,warm_white,,255,255,249,255,250,240,89.5,route_south,True,fleet_02
H02_04,vehicle.volkswagen.t2_2021,van,warm_white,,255,255,249,255,250,240,91.0,route_south,True,fleet_02
H03_00,vehicle.mini.cooper_s,hatchback,blue,,43,73,215,30,60,220,125.0,route_south,True,fleet_03
H03_01,vehicle.mini.cooper_s,hatchback,blue,,43,73,215,30,60,220,126.5,route_south,True,fleet_03
H03_02,vehicle.mini.cooper_s,hatchback,blue,,43,73,215,30,60,220,128.0,route_south,True,fleet_03
H03_03,vehicle.mini.cooper_s,hatchback,blue,,43,73,215,30,60,220,129.5,route_south,True,fleet_03
H03_04,vehicle.mini.cooper_s,hatchback,blue,,43,73,215,30,60,220,131.0,route_south,True,fleet_03
H04_00,vehicle.tesla.model3,sedan,dark_gray,,47,58,30,50,50,50,165.0,route_north,True,fleet_04
H04_01,vehicle.tesla.model3,sedan,dark_gray,,47,58,30,50,50,50,166.5,route_north,True,fleet_04
H04_02,vehicle.tesla.model3,sedan,dark_gray,,47,58,30,50,50,50,168.0,route_north,True,fleet_04
H04_03,vehicle.tesla.model3,sedan,dark_gray,,47,58,30,50,50,50,169.5,route_north,True,fleet_04
H04_04,vehicle.tesla.model3,sedan,dark_gray,,47,58,30,50,50,50,171.0,route_north,True,fleet_04
H05_00,vehicle.audi.tt,coupe,dark_gray,,46,38,37,50,50,50,205.0,route_ew_full,True,fleet_05
H05_01,vehicle.audi.tt,coupe,dark_gray,,46,38,37,50,50,50,206.5,route_ew_full,True,fleet_05
H05_02,vehicle.audi.tt,coupe,dark_gray,,46,38,37,50,50,50,208.0,route_ew_full,True,fleet_05
H05_03,vehicle.audi.tt,coupe,dark_gray,,46,38,37,50,50,50,209.5,route_ew_full,True,fleet_05
H05_04,vehicle.audi.tt,coupe,dark_gray,,46,38,37,50,50,50,211.0,route_ew_full,True,fleet_05
H06_00,vehicle.audi.etron,suv,warm_white,,255,242,233,255,250,240,245.0,route_hard,True,fleet_06
H06_01,vehicle.audi.etron,suv,warm_white,,255,242,233,255,250,240,246.5,route_hard,True,fleet_06
H06_02,vehicle.audi.etron,suv,warm_white,,255,242,233,255,250,240,248.0,route_hard,True,fleet_06
H06_03,vehicle.audi.etron,suv,warm_white,,255,242,233,255,250,240,249.5,route_hard,True,fleet_06
H06_04,vehicle.audi.etron,suv,warm_white,,255,242,233,255,250,240,251.0,route_hard,True,fleet_06
H07_00,vehicle.audi.tt,coupe,cool_white,,248,255,247,240,248,255,285.0,route_hard,True,fleet_07
H07_01,vehicle.audi.tt,coupe,cool_white,,248,255,247,240,248,255,286.5,route_hard,True,fleet_07
H07_02,vehicle.audi.tt,coupe,cool_white,,248,255,247,240,248,255,288.0,route_hard,True,fleet_07
H07_03,vehicle.audi.tt,coupe,cool_white,,248,255,247,240,248,255,289.5,route_hard,True,fleet_07
H07_04,vehicle.audi.tt,coupe,cool_white,,248,255,247,240,248,255,291.0,route_hard,True,fleet_07
H08_00,vehicle.nissan.patrol_2021,suv,white,,248,255,255,255,255,255,325.0,route_hard,True,fleet_08
H08_01,vehicle.nissan.patrol_2021,suv,white,,248,255,255,255,255,255,326.5,route_hard,True,fleet_08
H08_02,vehicle.nissan.patrol_2021,suv,white,,248,255,255,255,255,255,328.0,route_hard,True,fleet_08
H08_03,vehicle.nissan.patrol_2021,suv,white,,248,255,255,255,255,255,329.5,route_hard,True,fleet_08
H08_04,vehicle.nissan.patrol_2021,suv,white,,248,255,255,255,255,255,331.0,route_hard,True,fleet_08
H09_00,vehicle.toyota.prius,sedan,cool_white,,224,255,235,240,248,255,365.0,route_ew_full,True,fleet_09
H09_01,vehicle.toyota.prius,sedan,cool_white,,224,255,235,240,248,255,366.5,route_ew_full,True,fleet_09
H09_02,vehicle.toyota.prius,sedan,cool_white,,224,255,235,240,248,255,368.0,route_ew_full,True,fleet_09
H09_03,vehicle.toyota.prius,sedan,cool_white,,224,255,235,240,248,255,369.5,route_ew_full,True,fleet_09
H09_04,vehicle.toyota.prius,sedan,cool_white,,224,255,235,240,248,255,371.0,route_ew_full,True,fleet_09
H10_00,vehicle.tesla.model3,sedan,black,,10,0,20,15,15,15,405.0,route_ew_full,True,fleet_10
H10_01,vehicle.tesla.model3,sedan,black,,10,0,20,15,15,15,406.5,route_ew_full,True,fleet_10
H10_02,vehicle.tesla.model3,sedan,black,,10,0,20,15,15,15,408.0,route_ew_full,True,fleet_10
H10_03,vehicle.tesla.model3,sedan,black,,10,0,20,15,15,15,409.5,route_ew_full,True,fleet_10
H10_04,vehicle.tesla.model3,sedan,black,,10,0,20,15,15,15,411.0,route_ew_full,True,fleet_10
H11_00,vehicle.jeep.wrangler_rubicon,suv,dark_blue,,14,0,139,0,0,139,445.0,route_west_entry,True,fleet_11
H11_01,vehicle.jeep.wrangler_rubicon,suv,dark_blue,,14,0,139,0,0,139,446.5,route_west_entry,True,fleet_11
H11_02,vehicle.jeep.wrangler_rubicon,suv,dark_blue,,14,0,139,0,0,139,448.0,route_west_entry,True,fleet_11
H11_03,vehicle.jeep.wrangler_rubicon,suv,dark_blue,,14,0,139,0,0,139,449.5,route_west_entry,True,fleet_11
H11_04,vehicle.jeep.wrangler_rubicon,suv,dark_blue,,14,0,139,0,0,139,451.0,route_west_entry,True,fleet_11
H12_00,vehicle.bmw.grandtourer,sedan,black,,30,0,2,15,15,15,485.0,route_ew_full,True,fleet_12
H12_01,vehicle.bmw.grandtourer,sedan,black,,30,0,2,15,15,15,486.5,route_ew_full,True,fleet_12
H12_02,vehicle.bmw.grandtourer,sedan,black,,30,0,2,15,15,15,488.0,route_ew_full,True,fleet_12
H12_03,vehicle.bmw.grandtourer,sedan,black,,30,0,2,15,15,15,489.5,route_ew_full,True,fleet_12
H12_04,vehicle.bmw.grandtourer,sedan,black,,30,0,2,15,15,15,491.0,route_ew_full,True,fleet_12
H13_00,vehicle.bmw.grandtourer,sedan,warm_white,,249,253,244,255,250,240,525.0,route_south,True,fleet_13
H13_01,vehicle.bmw.grandtourer,sedan,warm_white,,249,253,244,255,250,240,526.5,route_south,True,fleet_13
H13_02,vehicle.bmw.grandtourer,sedan,warm_white,,249,253,244,255,250,240,528.0,route_south,True,fleet_13
H13_03,vehicle.bmw.grandtourer,sedan,warm_white,,249,253,244,255,250,240,529.5,route_south,True,fleet_13
H13_04,vehicle.bmw.grandtourer,sedan,warm_white,,249,253,244,255,250,240,531.0,route_south,True,fleet_13
H14_00,vehicle.mercedes.coupe_2020,coupe,yellow,,246,199,17,255,200,0,565.0,route_west_entry,True,fleet_14
H14_01,vehicle.mercedes.coupe_2020,coupe,yellow,,246,199,17,255,200,0,566.5,route_west_entry,True,fleet_14
H14_02,vehicle.mercedes.coupe_2020,coupe,yellow,,246,199,17,255,200,0,568.0,route_west_entry,True,fleet_14
H14_03,vehicle.mercedes.coupe_2020,coupe,yellow,,246,199,17,255,200,0,569.5,route_west_entry,True,fleet_14
H14_04,vehicle.mercedes.coupe_2020,coupe,yellow,,246,199,17,255,200,0,571.0,route_west_entry,True,fleet_14
H15_00,vehicle.jeep.wrangler_rubicon,suv,silver,,187,201,194,192,192,192,605.0,route_north,True,fleet_15
H15_01,vehicle.jeep.wrangler_rubicon,suv,silver,,187,201,194,192,192,192,606.5,route_north,True,fleet_15
H15_02,vehicle.jeep.wrangler_rubicon,suv,silver,,187,201,194,192,192,192,608.0,route_north,True,fleet_15
H15_03,vehicle.jeep.wrangler_rubicon,suv,silver,,187,201,194,192,192,192,609.5,route_north,True,fleet_15
H15_04,vehicle.jeep.wrangler_rubicon,suv,silver,,187,201,194,192,192,192,611.0,route_north,True,fleet_15
H16_00,vehicle.ford.ambulance,special,red,,225,34,36,220,30,30,645.0,route_west_entry,True,fleet_16
H16_01,vehicle.ford.ambulance,special,red,,225,34,36,220,30,30,646.5,route_west_entry,True,fleet_16
H16_02,vehicle.ford.ambulance,special,red,,225,34,36,220,30,30,648.0,route_west_entry,True,fleet_16
H16_03,vehicle.ford.ambulance,special,red,,225,34,36,220,30,30,649.5,route_west_entry,True,fleet_16
H16_04,vehicle.ford.ambulance,special,red,,225,34,36,220,30,30,651.0,route_west_entry,True,fleet_16
H17_00,vehicle.lincoln.mkz_2017,sedan,black,,29,0,32,15,15,15,685.0,route_north,True,fleet_17
H17_01,vehicle.lincoln.mkz_2017,sedan,black,,29,0,32,15,15,15,686.5,route_north,True,fleet_17
H17_02,vehicle.lincoln.mkz_2017,sedan,black,,29,0,32,15,15,15,688.0,route_north,True,fleet_17
H17_03,vehicle.lincoln.mkz_2017,sedan,black,,29,0,32,15,15,15,689.5,route_north,True,fleet_17
H17_04,vehicle.lincoln.mkz_2017,sedan,black,,29,0,32,15,15,15,691.0,route_north,True,fleet_17
H18_00,vehicle.nissan.patrol,suv,black,,5,22,26,15,15,15,725.0,route_south,True,fleet_18
H18_01,vehicle.nissan.patrol,suv,black,,5,22,26,15,15,15,726.5,route_south,True,fleet_18
H18_02,vehicle.nissan.patrol,suv,black,,5,22,26,15,15,15,728.0,route_south,True,fleet_18
H18_03,vehicle.nissan.patrol,suv,black,,5,22,26,15,15,15,729.5,route_south,True,fleet_18
H18_04,vehicle.nissan.patrol,suv,black,,5,22,26,15,15,15,731.0,route_south,True,fleet_18
H19_00,vehicle.bmw.grandtourer,sedan,gray,,131,140,113,128,128,128,765.0,route_south,True,fleet_19
H19_01,vehicle.bmw.grandtourer,sedan,gray,,131,140,113,128,128,128,766.5,route_south,True,fleet_19
H19_02,vehicle.bmw.grandtourer,sedan,gray,,131,140,113,128,128,128,768.0,route_south,True,fleet_19
H19_03,vehicle.bmw.grandtourer,sedan,gray,,131,140,113,128,128,128,769.5,route_south,True,fleet_19
H19_04,vehicle.bmw.grandtourer,sedan,gray,,131,140,113,128,128,128,771.0,route_south,True,fleet_19
H20_00,vehicle.jeep.wrangler_rubicon,suv,warm_white,,240,251,235,255,250,240,805.0,route_west_entry,True,fleet_20
H20_01,vehicle.jeep.wrangler_rubicon,suv,warm_white,,240,251,235,255,250,240,806.5,route_west_entry,True,fleet_20
H20_02,vehicle.jeep.wrangler_rubicon,suv,warm_white,,240,251,235,255,250,240,808.0,route_west_entry,True,fleet_20
H20_03,vehicle.jeep.wrangler_rubicon,suv,warm_white,,240,251,235,255,250,240,809.5,route_west_entry,True,fleet_20
H20_04,vehicle.jeep.wrangler_rubicon,suv,warm_white,,240,251,235,255,250,240,811.0,route_west_entry,True,fleet_20
H21_00,vehicle.toyota.prius,sedan,dark_gray,,50,47,56,50,50,50,845.0,route_north,True,fleet_21
H21_01,vehicle.toyota.prius,sedan,dark_gray,,50,47,56,50,50,50,846.5,route_north,True,fleet_21
H21_02,vehicle.toyota.prius,sedan,dark_gray,,50,47,56,50,50,50,848.0,route_north,True,fleet_21
H21_03,vehicle.toyota.prius,sedan,dark_gray,,50,47,56,50,50,50,849.5,route_north,True,fleet_21
H21_04,vehicle.toyota.prius,sedan,dark_gray,,50,47,56,50,50,50,851.0,route_north,True,fleet_21
H22_00,vehicle.mini.cooper_s,hatchback,silver,,193,184,201,192,192,192,885.0,route_hard,True,fleet_22
H22_01,vehicle.mini.cooper_s,hatchback,silver,,193,184,201,192,192,192,886.5,route_hard,True,fleet_22
H22_02,vehicle.mini.cooper_s,hatchback,silver,,193,184,201,192,192,192,888.0,route_hard,True,fleet_22
H22_03,vehicle.mini.cooper_s,hatchback,silver,,193,184,201,192,192,192,889.5,route_hard,True,fleet_22
H22_04,vehicle.mini.cooper_s,hatchback,silver,,193,184,201,192,192,192,891.0,route_hard,True,fleet_22
H23_00,vehicle.audi.tt,coupe,warm_white,,255,251,237,255,250,240,925.0,route_north,True,fleet_23
H23_01,vehicle.audi.tt,coupe,warm_white,,255,251,237,255,250,240,926.5,route_north,True,fleet_23
H23_02,vehicle.audi.tt,coupe,warm_white,,255,251,237,255,250,240,928.0,route_north,True,fleet_23
H23_03,vehicle.audi.tt,coupe,warm_white,,255,251,237,255,250,240,929.5,route_north,True,fleet_23
H23_04,vehicle.audi.tt,coupe,warm_white,,255,251,237,255,250,240,931.0,route_north,True,fleet_23
H24_00,vehicle.toyota.prius,sedan,black,,23,1,0,15,15,15,965.0,route_hard,True,fleet_24
H24_01,vehicle.toyota.prius,sedan,black,,23,1,0,15,15,15,966.5,route_hard,True,fleet_24
H24_02,vehicle.toyota.prius,sedan,black,,23,1,0,15,15,15,968.0,route_hard,True,fleet_24
H24_03,vehicle.toyota.prius,sedan,black,,23,1,0,15,15,15,969.5,route_hard,True,fleet_24
H24_04,vehicle.toyota.prius,sedan,black,,23,1,0,15,15,15,971.0,route_hard,True,fleet_24
occ_0000,vehicle.mini.cooper_s,hatchback,silver,,201,172,188,192,192,192,0.0,route_ew_full,False,
occ_0001,vehicle.mini.cooper_s_2021,hatchback,blue,,28,48,201,30,60,220,0.8,route_ew_full,False,
occ_0002,vehicle.nissan.patrol,suv,warm_white,,255,242,255,255,250,240,1.6,route_ew_full,False,
occ_0003,vehicle.audi.tt,coupe,black,,17,13,12,15,15,15,2.4000000000000004,route_ew_full,False,
occ_0004,vehicle.nissan.patrol,suv,dark_gray,,55,51,49,50,50,50,3.2,route_ew_full,False,
occ_0005,vehicle.audi.etron,suv,white,,242,255,248,255,255,255,4.0,route_ew_full,False,
occ_0006,vehicle.jeep.wrangler_rubicon,suv,gray,,144,128,119,128,128,128,4.800000000000001,route_ew_full,False,
occ_0007,vehicle.audi.tt,coupe,red,,212,40,16,220,30,30,5.6000000000000005,route_ew_full,False,
occ_0008,vehicle.volkswagen.t2,van,silver,,206,212,209,192,192,192,6.4,route_ew_full,False,
occ_0009,vehicle.mini.cooper_s_2021,hatchback,cool_white,,255,245,255,240,248,255,7.2,route_ew_full,False,
occ_0010,vehicle.volkswagen.t2_2021,van,blue,,50,73,210,30,60,220,8.0,route_ew_full,False,
occ_0011,vehicle.audi.tt,coupe,white,,252,244,251,255,255,255,8.8,route_ew_full,False,
occ_0012,vehicle.audi.tt,coupe,yellow,,237,195,19,255,200,0,9.600000000000001,route_ew_full,False,
occ_0013,vehicle.mercedes.coupe,coupe,cool_white,,234,255,246,240,248,255,10.4,route_ew_full,False,
occ_0014,vehicle.volkswagen.t2,van,gray,,125,126,142,128,128,128,11.200000000000001,route_ew_full,False,
occ_0015,vehicle.volkswagen.t2,van,black,,9,15,19,15,15,15,12.0,route_ew_full,False,
occ_0016,vehicle.volkswagen.t2_2021,van,gray,,123,134,147,128,128,128,12.8,route_ew_full,False,
occ_0017,vehicle.mercedes.coupe_2020,coupe,black,,28,21,5,15,15,15,13.600000000000001,route_ew_full,False,
occ_0018,vehicle.lincoln.mkz_2017,sedan,blue,,12,79,214,30,60,220,14.4,route_ew_full,False,
occ_0019,vehicle.jeep.wrangler_rubicon,suv,warm_white,,236,252,254,255,250,240,15.200000000000001,route_ew_full,False,
occ_0020,vehicle.jeep.wrangler_rubicon,suv,warm_white,,249,252,250,255,250,240,16.0,route_ew_full,False,
occ_0021,vehicle.audi.etron,suv,sky_blue,,129,189,217,135,206,235,16.8,route_ew_full,False,
occ_0022,vehicle.chevrolet.impala,sedan,warm_white,,255,247,221,255,250,240,17.6,route_ew_full,False,
occ_0023,vehicle.citroen.c3,hatchback,black,,22,32,15,15,15,15,18.400000000000002,route_ew_full,False,
occ_0024,vehicle.mercedes.coupe,coupe,white,,238,255,254,255,255,255,19.200000000000003,route_ew_full,False,
occ_0025,vehicle.volkswagen.t2,van,black,,17,26,21,15,15,15,20.0,route_ew_full,False,
occ_0026,vehicle.toyota.prius,sedan,blue,,40,68,207,30,60,220,20.8,route_ew_full,False,
occ_0027,vehicle.dodge.charger_police,special,white,,255,248,255,255,255,255,21.6,route_ew_full,False,
occ_0028,vehicle.bmw.grandtourer,sedan,black,,10,0,15,15,15,15,22.400000000000002,route_ew_full,False,
occ_0029,vehicle.mini.cooper_s,hatchback,white,,255,253,255,255,255,255,23.200000000000003,route_ew_full,False,
occ_0030,vehicle.dodge.charger_2020,sedan,gray,,140,125,137,128,128,128,24.0,route_ew_full,False,
occ_0031,vehicle.lincoln.mkz_2017,sedan,white,,255,255,255,255,255,255,24.8,route_ew_full,False,
occ_0032,vehicle.citroen.c3,hatchback,brown,,153,90,51,139,90,43,25.6,route_ew_full,False,
occ_0033,vehicle.chevrolet.impala,sedan,blue,,26,80,217,30,60,220,26.400000000000002,route_ew_full,False,
occ_0034,vehicle.lincoln.mkz_2020,sedan,gray,,145,125,138,128,128,128,27.200000000000003,route_ew_full,False,
occ_0035,vehicle.audi.tt,coupe,sky_blue,,138,192,225,135,206,235,28.0,route_ew_full,False,
occ_0036,vehicle.toyota.prius,sedan,dark_gray,,46,31,70,50,50,50,28.8,route_ew_full,False,
occ_0037,vehicle.lincoln.mkz_2017,sedan,dark_blue,,0,0,129,0,0,139,29.6,route_ew_full,False,
occ_0038,vehicle.lincoln.mkz_2017,sedan,dark_gray,,52,66,57,50,50,50,30.400000000000002,route_ew_full,False,
occ_0039,vehicle.mini.cooper_s_2021,hatchback,green,,36,149,35,34,139,34,31.200000000000003,route_ew_full,False,
occ_0040,vehicle.dodge.charger_2020,sedan,black,,28,6,34,15,15,15,32.0,route_ew_full,False,
occ_0041,vehicle.dodge.charger_2020,sedan,dark_red,,136,0,0,139,0,0,32.800000000000004,route_ew_full,False,
occ_0042,vehicle.tesla.model3,sedan,red,,221,27,40,220,30,30,33.6,route_ew_full,False,
occ_0043,vehicle.jeep.wrangler_rubicon,suv,black,,19,20,24,15,15,15,34.4,route_ew_full,False,
occ_0044,vehicle.mercedes.coupe_2020,coupe,black,,0,32,14,15,15,15,35.2,route_ew_full,False,
occ_0045,vehicle.chevrolet.impala,sedan,dark_gray,,53,37,31,50,50,50,36.0,route_ew_full,False,
occ_0046,vehicle.mercedes.coupe,coupe,white,,241,251,241,255,255,255,36.800000000000004,route_ew_full,False,
occ_0047,vehicle.bmw.grandtourer,sedan,silver,,211,210,212,192,192,192,37.6,route_ew_full,False,
occ_0048,vehicle.lincoln.mkz_2017,sedan,white,,240,253,255,255,255,255,38.400000000000006,route_ew_full,False,
occ_0049,vehicle.mercedes.coupe,coupe,red,,225,45,11,220,30,30,39.2,route_ew_full,False,
